Row,Value
B,8.99875800814786e-11
C3,4.40032259765412e-11
C5,1.65674732948809e-12
C6,4.76587032110151e-12
C7,5.73038353858339e-12
C8,2.11325547088745e-12
C9,1.49385183291523e-11
Cn,6.62340636427653e-12
D,5.32702331290345e-12
H,1.82727943039113e-11
I,4.90550007759233e-12
P,1.19075394783432e-11
Vn,9.24196248801887e-11
