TIME,C3a_FH_FI,C3a_No_FH_FI
0.02,0.00007,-0.00169
0.08,0.00028,0.00204
0.17,0.00233,0.00058
0.33,-0.00058,0.06410
0.50,0.00174,0.86713
