Dilution,NHS,III_4,V_9,IV_8,V_7
0.01997,6.59217,4.30243,0.30404,0.84237,0.30325
0.03067,25.76678,28.09045,1.82972,1.48348,2.00521
0.04181,71.50229,62.31477,2.48505,1.27241,1.27241
0.06233,100.66628,94.76439,2.06845,3.80837,2.76806
0.08307,99.09061,101.47345,1.64948,2.86766,0.43131
0.12542,98.60917,100.46001,11.76484,2.54829,0.63526
0.16734,101.30338,99.96436,36.141,6.22653,1.53091
0.2503,101.34894,97.41655,68.0262,3.67714,0.71747
