mAb_conc_ugml,Degree_of_lysis,Upper_error
0,1.004597701,1.02
5,0.895326249,0.92
20,0.82309954,0.82
50,0.355196078,0.39
100,0.091411576,0.12
