Inhibitor_uM,AP_Hemolysis_percentMax,Error
0.023411725,99.41404316,4.19
0.047862876,79.50719104,3.57
0.094835649,55.09837473,NaN
0.188014801,33.50380184,NaN
0.377543215,25.04208986,NaN
0.757377061,11.70235593,NaN
1.506154549,5.304697558,NaN
2.998054852,3.597444898,NaN
